solver,mean_runtime,median_runtime,std_runtime,success_rate
OR-Tools,0.09230260621933706,0.0389652252197265,0.1319431423908158,80.95238095238095
PuLP,0.18443275633312403,0.1170110702514648,0.20481337039285621,100.0
