solver,mean_runtime,median_runtime,std_runtime,mean_objective,median_objective,mean_gap,median_gap,mean_relative_gap,optimal_rate,timeout_rate
OR-Tools,31.71324458254708,60.02474045753479,29.558925026739555,15549.577777777778,15898.5,,,0.0021677040310805447,0.4888888888888889,0.0
PuLP,33.65428225464291,60.0718674659729,39.814091290692254,15531.344444444445,15914.0,,,0.0030190013088233713,1.0,0.0
