solver,mean_runtime,median_runtime,std_runtime,mean_objective,median_objective,mean_gap,median_gap,mean_relative_gap,optimal_rate,timeout_rate
OR-Tools,149.1700182835261,89.20010542869568,148.0452722602822,15671.655555555555,15902.5,,,0.0007837189759710891,0.5166666666666667,0.0
PuLP,150.1574517938826,74.60645604133606,148.49061586715024,15670.55,15914.0,,,0.0007104842974062906,1.0,0.0
